1175f68a974a45f5b9b6e51c08f1a432	too_many_parts(17>16)
117d024557fd423c899ff95829d67346	too_many_parts(24>16)
117f9d1dc12d4bf09bd64012931a36fe	too_many_parts(30>16)
1186b868f47b49a8971b795ece8e0d02	too_many_parts(18>16)
11873ef2661c4ff3b0359bd4b3868dc5	too_many_parts(24>16)
119116c8c9b5463b8c4ab1435991aa36	too_many_parts(17>16)
1196c6792d9345ad8d4851f9cfade266	too_many_parts(21>16)
11a93b2e588a4b8da6d068966ee5c750	too_many_parts(20>16)
11b12d0bc7e346b5a25958ba508fb4d9	too_many_parts(17>16)
11be79a1627a4a2db12cd9b9c14b527d	too_many_parts(21>16)
11f5069c2cae41b9a18d7847e67bc202	too_many_parts(27>16)
120343105cba4222b8df09435ef62d63	too_many_parts(19>16)
1213130bddf646a9a0e7212e734abfe4	too_many_parts(18>16)
123528b6697a4ddfa4f10cc1e1a12f57	too_many_parts(29>16)
1239f8ba2f4948f6a0035b29a2613a8c	too_many_parts(23>16)
123a76392c9f4c23a65f18a11cf3a5a8	too_many_parts(18>16)
123cb40a154c4352b6adf75b6ad8a338	too_many_parts(18>16)
12478ba70779470a810887fc954851a8	too_many_parts(26>16)
125e9f5607ea40c382d2057404ae2810	too_many_parts(20>16)
128363dcc8bd4d8185ce19780050457c	too_many_parts(25>16)
1286aabb38ba49d1a31baf22e58a7fc0	too_many_parts(20>16)
128b76898983460aa927bc31a4b44c64	too_many_parts(21>16)
129ab69f77464e3b8769be4c02e8a258	too_many_parts(18>16)
129d5fb5acaa4556a8f4423c0b78c44f	too_many_parts(17>16)
12a763166bf740b78b9d36116c9ac4af	too_many_parts(29>16)
12b85fbd4dda4b60bf1161c1d32caafb	too_many_parts(27>16)
12c676f19a8f4707a1b7351b6866833e	too_many_parts(19>16)
12d4efe3167d4e0cb47c9b7640e72205	too_many_parts(19>16)
12dc71cf936a4f3a911f3ce21a2457c1	too_many_parts(27>16)
12ecbdb0b9634c87b916588c54316e82	too_many_parts(23>16)
133c3d6df6bd4694a4149b4375ce053f	too_many_parts(18>16)
136d2007e0a243d9ae87b9daeaa36070	too_many_parts(23>16)
138125d59ade4d328cc14cea5ff6f143	too_many_parts(20>16)
1381b799cab24733b0871d40c106232c	too_many_parts(17>16)
13841e962e604a3b95d65ac36d6b8c46	too_many_parts(18>16)
1399f742b11646f3bff1aa3bd1a9c0c6	too_many_parts(21>16)
13a2a560bacf4df7bbba19e4e1905095	too_many_parts(19>16)
13bba055469145a99acc47154ddcd241	too_many_parts(21>16)
13c9a9f0daba4e1984facd51948fb0c7	too_many_parts(17>16)
13d87c7e2b1845e39ae4ae1cdc7a7465	too_many_parts(21>16)
13da712190cf40849450bdf96c108cf8	too_many_parts(19>16)
1421267ad89743ca92db7e0f8c31a525	too_many_parts(18>16)
143d8f194dcb4f38ba8b0f1d5210f73e	too_many_parts(25>16)
1448afa9a2a144f9ac6f247f934dd5bb	too_many_parts(28>16)
145ffc45e5f5422bb652e52b836119c0	too_many_parts(18>16)
1463a7ae83cb463e8284b5d3ea63910c	too_many_parts(17>16)
1479ea50b864452c930f965fe40551c5	too_many_parts(21>16)
1483480ff8a148d08066b0c468de91f3	too_many_parts(18>16)
148785da84d4439aa4b88003bcc99a03	too_many_parts(17>16)
148c7b6bf06e44c9ae2bb923ff8b4846	too_many_parts(17>16)
1492d39675304086b2ae268147eb578f	too_many_parts(23>16)
14939014c21a4552a12f7e8ec45851a6	too_many_parts(25>16)
14a02de83482426d9de8c7493d07d26d	too_many_parts(20>16)
14ac6148c6cc49a9a6dc59df9472ffab	too_many_parts(19>16)
14c2b3c6dc044ebfb749b1970234ef34	too_many_parts(25>16)
14c3d86cdfde4c2e9f7567c7da87ccfc	too_many_parts(21>16)
14c7c5d33a264a9c8de921aa77487941	too_many_parts(25>16)
14ca91ca60d747298ee85423b8dc161e	too_many_parts(17>16)
14e42432d7274945a4024aec48c3d20a	too_many_parts(20>16)
14ea9837d5654dfca6961414a8ebc936	too_many_parts(27>16)
14f8d9b2c21d4959a5fff7421ece0aa2	too_many_parts(18>16)
14f90291f09148bda96fbbdd502cd79f	too_many_parts(19>16)
150a88529aca4168a8e3a9fca26a7aa9	too_many_parts(20>16)
1522e1ed3f074be78c879d1bc837c024	too_many_parts(22>16)
152371aa3cea4b61bb3e0e7b1577ae76	too_many_parts(18>16)
15314191ee984b2599b126583624c787	too_many_parts(17>16)
1533a0c64ecd4fdf91862e01e4570047	too_many_parts(23>16)
153f9b4fe8a443b58ebca79a780bc294	too_many_parts(19>16)
155415df28d14191aca2be1abf65c9ac	too_many_parts(18>16)
1559c06b6ebd49359b76fd372419bc8d	too_many_parts(19>16)
15659e4d336c454ab0b7f9fc451121fe	too_many_parts(26>16)
156f59fa965f4687a5c302b38bf0d848	too_many_parts(18>16)
15795f2e81eb42918618d734a18c9c82	too_many_parts(18>16)
15826250b26c402283d88d4cc0099ef4	too_many_parts(22>16)
15a06d5b503c44209aab85d579f422d0	too_many_parts(28>16)
15a25bb028f5467ebe528453da7fa30b	too_many_parts(25>16)
15a96ac34ece464480a9b8620dc3a3d3	too_many_parts(24>16)
15b5caf2761447fc866fe365f39c0a61	too_many_parts(22>16)
15c68dbbc5a847af8222f516cbd74204	too_many_parts(18>16)
15c6b612a5834924b0959261aa89e80f	too_many_parts(19>16)
15d04cdf874544adb3836178e3e1d7e7	too_many_parts(23>16)
15d0d4b115ea44268a02f4a88cddbda0	too_many_parts(18>16)
15d4d6485fa74ca893983fc7c948c3a5	too_many_parts(19>16)
15e348d2e61e4a88a6ce0773b689ef8a	too_many_parts(28>16)
16035e74d9ea420193947ffa8962e03f	too_many_parts(19>16)
1608b35060da41f1851fa484143c4c5a	too_many_parts(21>16)
1615df7f3d9b403b9b146ca00e242fe3	too_many_parts(21>16)
161fb8f4d9894c03a569c913745d92af	too_many_parts(20>16)
165dd586aac84692b0c4362955a111ba	too_many_parts(17>16)
167c4bbee41449f5aafce5e7494ab49c	too_many_parts(22>16)
169683ecff0543fe829fbfbd4cda80cc	too_many_parts(21>16)
16acfd171d5843e4bd048eb3eac812f6	too_many_parts(17>16)
16e5bc3a62ab4b78a0ef95579a09a67c	too_many_parts(30>16)
16f31a06da764cf2a3e5c8660cc9a817	too_many_parts(21>16)
16f587943340491ab543cd6872b62532	too_many_parts(25>16)
17163877ce294288adc455acea03e526	too_many_parts(22>16)
171a32519e7e4c78a710d1443a193e53	too_many_parts(22>16)
173258318b1d419e8c759d85bc93c9ea	too_many_parts(17>16)
1738837f09fe480a8eff0720c23ad630	too_many_parts(19>16)
174d261a669c4db98a74895932a208ae	too_many_parts(21>16)
178f22467bae4c729bdcc15dbc7e445d	too_many_parts(22>16)
17a0f9488d2143d6906498105acebe24	too_many_parts(29>16)
17ab31e14a4b4c77848e819f156e4299	too_many_parts(24>16)
17b1b56d182b493bae97ef06d5aaff4d	too_many_parts(20>16)
17b81b986c854ba88e0db4938e9ed2db	too_many_parts(23>16)
17c0a508a6e84f6b8f777da1c79103a9	too_many_parts(19>16)
17fb07e9c188451daf3814224d34afd7	too_many_parts(20>16)
180def67caca4c8b97fc185ffce1f0ac	too_many_parts(24>16)
180fc5c31f7140aaaf8a754fffeac0d2	too_many_parts(24>16)
183e040e05b64298b5ae0c195b759164	too_many_parts(19>16)
185168bb6c0a429e8650ef54a6f9894e	too_many_parts(25>16)
1864ec8ab4704653b27e2ebf37ee75d6	too_many_parts(22>16)
1867b77aefed4fc5a386bab89576e6c5	too_many_parts(17>16)
188f2e4542ed48f29bfe8623298699db	too_many_parts(23>16)
18b37af93e534c9baebaaf651d06700f	too_many_parts(19>16)
18d603a1f4b149d1b232563eba466a8a	too_many_parts(26>16)
1900d5cca4b44de4b76fa908f8029c58	too_many_parts(18>16)
191636c39f67490c99dafb7efa118b20	too_many_parts(20>16)
19462d2f32dd408880e9c4c4ba30eed4	too_many_parts(20>16)
19985beaa8704e19814ac0d443950283	too_many_parts(21>16)
19db60c041d7423a80b176ef5d750ce6	too_many_parts(18>16)
19f5b76fc5c84617be0deaa87686bec7	too_many_parts(21>16)
19fb49c3290547f3b094a11e9ed73f4e	too_many_parts(25>16)
1a061003cda84ef599ab8432b3a6b8b8	too_many_parts(24>16)
1a2a52b16cad4e618af347461817895c	too_many_parts(26>16)
1a89b47ec5884831b17faf11a12b6686	too_many_parts(22>16)
1aa9b7abb7f842f5bfb395e7b8530775	too_many_parts(19>16)
1aba1e6657264093a5beb5182da348f7	too_many_parts(26>16)
1abbc80c12c04c9ba057d6a6cb0f28a7	too_many_parts(17>16)
1ac873badf5d460ba10c2dc85f76aec6	too_many_parts(22>16)
1adffcff237848cc9d866330fffafc7c	too_many_parts(21>16)
1af3f72ba8724d85a42da55bc69442bb	too_many_parts(23>16)
1b0619308be640a2b33a16cc898c8dfc	too_many_parts(25>16)
1b1d46bcf4b443849c0d3b8039c7ccd7	too_many_parts(21>16)
1b479952e41a43cd9395fad606ad0654	too_many_parts(20>16)
1b5fd96e057c4f7893abc7299916e1af	too_many_parts(25>16)
1b70fba0b7e24a2b85e7764d10adff1e	too_many_parts(18>16)
1bf35db55f994bd3a6488563fb9e2d5b	too_many_parts(20>16)
1bf9217bd55a450984c779a3588cd032	too_many_parts(24>16)
1c670c8f241043d793dae59e1af693e1	too_many_parts(17>16)
1cb1b95f920e41909dd702ba0add6fd1	too_many_parts(26>16)
1cc6c2e83d664819a753ee1937abca7d	too_many_parts(22>16)
1cd732aee5564fd387959f41eb9540d8	too_many_parts(18>16)
1cdd6b35b5874407b428cb8d587601c6	too_many_parts(18>16)
1d18318c3e81407b8321159fb3424026	too_many_parts(19>16)
1d2162a3c6504e9c86caf1a55970ca0b	too_many_parts(25>16)
1d37347a55ea48f08669763b35794453	too_many_parts(21>16)
1d548954b88a4e0eb0ab85742414401e	too_many_parts(18>16)
1d5afd59518e4e9ebeca79b5b59a7c18	too_many_parts(18>16)
1d5d77ca71dd4e1c8043f848aa2c7160	too_many_parts(24>16)
1d8aa893ef974efca23209d70170109f	too_many_parts(23>16)
1dbd274b9de741a4bc9d8d59f1612570	too_many_parts(18>16)
1dc41f4a030b4b3f882a32a1bbd6d8b3	too_many_parts(20>16)
1dd090467398430191a9b5dfd2d0a9ee	too_many_parts(19>16)
1dd928afa5f04185ae829fcb9a30efb0	too_many_parts(22>16)
1df604ec6e174b92ba90d301bd7057f8	too_many_parts(29>16)
1e335d7703b44399b3d97b9860719201	too_many_parts(18>16)
1e3dfd2f8cb146e790bda737d5e3d313	too_many_parts(23>16)
1e4742dea02542d8b8042a8125ab9d78	too_many_parts(19>16)
1e80508ab1ac4c6b954de179fc813b69	too_many_parts(22>16)
1e85bf94b50c4b62b777eeb38b24636d	too_many_parts(18>16)
1ec709567a4e40edbf4fe2ded36d9d72	too_many_parts(24>16)
1ec9548cf5ce41a1891a2df1f14ff6c0	too_many_parts(21>16)
1ee0290063434ab29ce19ce48c0f603b	too_many_parts(25>16)
1f0ca4bb68924c6b84aa86cb91cacc9e	too_many_parts(20>16)
1f4c764daafe450f9958f3462dda88d4	too_many_parts(26>16)
1f7950e0e61b4f8ab97ba2dd170864a9	too_many_parts(20>16)
1fa87a4fa6aa43579c5d9d23d7104b15	too_many_parts(20>16)
2007362ba744494ab5374c614f3fc0aa	too_many_parts(17>16)
201868cb2f584daa8f988552a96a25c9	too_many_parts(18>16)
2033b88a2dbf4337a94cd25f5a3fdf1f	too_many_parts(20>16)
207cb85b20a5430eb636966d408f1bd0	too_many_parts(20>16)
20b449d1a1424c4d877ce84ace4a0da2	too_many_parts(18>16)
20e6015bde8d4986b08110ffc813af5c	too_many_parts(17>16)
20ea8edb2b7043b1a98a0b6ae18684bb	too_many_parts(19>16)
20f491013ad34d60a95259adf6a3e30b	too_many_parts(25>16)
210b4d5f9c714823bfa3ac5a4c23c039	too_many_parts(17>16)
210fd887936a40468fd352f2235f29b2	too_many_parts(18>16)
21485fd3a25d4f28a62636f45da058bf	too_many_parts(22>16)
215d9f8b0d0e4bada8c0e3cb65e37a35	too_many_parts(20>16)
21832725d9c04adc91380704099ed4f2	too_many_parts(17>16)
21978f95c3f343829959e8766a7c25b8	too_many_parts(28>16)
21e8e72caa7442cea7615e0e307ee0b9	too_many_parts(26>16)
22015d1863d6455aa31cfd738b972c50	too_many_parts(28>16)
2211a8198444497686711c9880640a8d	too_many_parts(22>16)
2212b21ce7f542dc89508ce93e7ec1a2	too_many_parts(18>16)
2224459143ee4470853ceeb43cf304f4	too_many_parts(20>16)
22732575b0644cc9b65cf21857288189	too_many_parts(25>16)
228011dba1d840a082b040631f7d2c7d	too_many_parts(28>16)
229976b3db4646b39c44e57a7e3d8744	too_many_parts(17>16)
22be946869454023b122ed66216fc0d9	too_many_parts(22>16)
2317f2a6cd7844c49d15ebfe7baa47ea	too_many_parts(17>16)
2369dc7bdcfb488f841ba5b40938b197	too_many_parts(26>16)
236f27c465964e719bdf83bb538087da	too_many_parts(19>16)
2390b6696cde4fc9bb999e0bb923a785	too_many_parts(17>16)
239dbacce962446dbabf91de34b9e6ef	too_many_parts(21>16)
239ee36b12b14ae796e65639e2818a34	too_many_parts(24>16)
23b5233084d14b40a10eace8f6140ab8	too_many_parts(17>16)
23daa5a6a0af4bfbb97c01313e725b8b	too_many_parts(24>16)
2417ca0dab054765981cbd7ddc5efd1c	too_many_parts(23>16)
2418fa403fff41f5959f459085d2eb08	too_many_parts(21>16)
243519aee90146d4adb06b528a6fc858	too_many_parts(27>16)
2476bd6a902f479883831189ed767eb6	too_many_parts(20>16)
2495d97fb99d428b88b39e4dfbbc8c8d	too_many_parts(23>16)
24cc42ed1dc64366a5146ca4665025bb	too_many_parts(25>16)
2503a5b653c846b2a25e8abed72d97a0	too_many_parts(19>16)
25339bdad8584cc5abb2e24a0fcdea41	too_many_parts(27>16)
255223183ae0499f99eedd26eaa029e7	too_many_parts(17>16)
2564ab96bd8c4bc3904481a646bd8f62	too_many_parts(21>16)
2570c3e10e934127b22c40ca82263fdd	too_many_parts(29>16)
25754d6a29e441b9bae56da300724f93	too_many_parts(23>16)
2579827b2f7546b0bfa0206485061ea9	too_many_parts(23>16)
25b0af776fc24415b1d6b528a0d345f7	too_many_parts(29>16)
25d9a6bf3c72495d951f738da383c606	too_many_parts(18>16)
260a2efd87a44b4d887ae3506c336386	too_many_parts(22>16)
260cd9facf8744de92c0254bb484c845	too_many_parts(18>16)
26309b5c2c8044ed8e520f09781c14e9	too_many_parts(28>16)
2633c99a142a4f7eafbdfaa2328d9041	too_many_parts(17>16)
265ac1eb7c964f1794ea9c4ae8ff759b	too_many_parts(21>16)
266e0ea01b5a49f18eefc62f1ed80669	too_many_parts(20>16)
2689ee1106bb4caaba446ce2547039e7	too_many_parts(20>16)
269ed79e9976495b84625f1511209ea8	too_many_parts(17>16)
26bbbe2c8f0f4c87888e6611d65c91da	too_many_parts(17>16)
26d58a4848fb44f598950c6b637bb26f	too_many_parts(23>16)
26dc6203ba4547788dc226fe9addbc46	too_many_parts(23>16)
26f48e21a7f7487cada9cd59d840a9c4	too_many_parts(20>16)
276d4201214a47a7a3b6739251edf31c	too_many_parts(23>16)
276f10ddc1cd425abf95b20d216942a6	too_many_parts(18>16)
277738dcf0a54e51aec312af1f760091	too_many_parts(18>16)
277befc8bd074cdd827513a03455bb69	too_many_parts(21>16)
278c15b01448495b8484b153962de919	too_many_parts(18>16)
27a0aaa34e7d4ea7877393178d82b01c	too_many_parts(18>16)
27c2c828e9ca4ca3a408018007a10db8	too_many_parts(27>16)
27e52413a2a34a75b9349f0285d02b82	too_many_parts(20>16)
27f9df23fd3c4366847a22f388c00672	too_many_parts(25>16)
2831d034844d45e398c644d2986125f5	too_many_parts(19>16)
283c23bb379245b681887cbc1a0903ed	too_many_parts(19>16)
2843c07b384f4369af560ca5c4bb0162	too_many_parts(28>16)
28522cc6650b4d70b163e3dea6a95c3a	too_many_parts(19>16)
2856dd3c61f940909dced9a5c0379484	too_many_parts(17>16)
285776f977ca440883a005117af2f9cd	too_many_parts(17>16)
